{
  "display": {
    "icon": {
      "id": "legendary_ouba:armor_ouba_chestplate"
    },
    "title": {
      "translate": "advancements.fully_equipped.title"
    },
    "description": {
      "translate": "advancements.fully_equipped.descr"
    },
    "frame": "task",
    "show_toast": true,
    "announce_to_chat": true,
    "hidden": false
  },
  "criteria": {
    "fully_equipped_0": {
      "trigger": "minecraft:inventory_changed",
      "conditions": {
        "items": [
          {
            "items": [
              "legendary_ouba:armor_ouba_helmet"
            ],
            "count": {
              "min": 1,
              "max": 1
            }
          }
        ]
      }
    },
    "fully_equipped_1": {
      "trigger": "minecraft:inventory_changed",
      "conditions": {
        "items": [
          {
            "items": [
              "legendary_ouba:armor_ouba_chestplate"
            ],
            "count": {
              "min": 1,
              "max": 1
            }
          }
        ]
      }
    },
    "fully_equipped_2": {
      "trigger": "minecraft:inventory_changed",
      "conditions": {
        "items": [
          {
            "items": [
              "legendary_ouba:armor_ouba_leggings"
            ],
            "count": {
              "min": 1,
              "max": 1
            }
          }
        ]
      }
    },
    "fully_equipped_3": {
      "trigger": "minecraft:inventory_changed",
      "conditions": {
        "items": [
          {
            "items": [
              "legendary_ouba:armor_ouba_boots"
            ],
            "count": {
              "min": 1,
              "max": 1
            }
          }
        ]
      }
    }
  },
  "rewards": {
    "experience": 150
  },
  "parent": "legendary_ouba:getting_started"
}