{
  "display": {
    "icon": {
      "id": "legendary_ouba:ouba_log"
    },
    "title": {
      "translate": "advancements.getting_started.title"
    },
    "description": {
      "translate": "advancements.getting_started.descr"
    },
    "frame": "task",
    "show_toast": true,
    "announce_to_chat": true,
    "hidden": false
  },
  "criteria": {
    "getting_started_0": {
      "trigger": "minecraft:inventory_changed",
      "conditions": {
        "items": [
          {
            "items": [
              "legendary_ouba:ouba_log"
            ],
            "count": {
              "min": 1,
              "max": 64
            }
          }
        ]
      }
    }
  },
  "rewards": {
    "experience": 100
  },
  "parent": "minecraft:adventure/adventuring_time"
}