{
  "display": {
    "icon": {
      "id": "legendary_ouba:ouba_ingot"
    },
    "title": {
      "translate": "advancements.got_ingot.title"
    },
    "description": {
      "translate": "advancements.got_ingot.descr"
    },
    "frame": "task",
    "show_toast": true,
    "announce_to_chat": true,
    "hidden": false
  },
  "criteria": {
    "got_ingot_0": {
      "trigger": "minecraft:inventory_changed",
      "conditions": {
        "items": [
          {
            "items": [
              "legendary_ouba:ouba_ingot"
            ],
            "count": {
              "min": 1,
              "max": 64
            }
          }
        ]
      }
    }
  },
  "rewards": {
    "experience": 50
  },
  "parent": "legendary_ouba:getting_started"
}