{
  "display": {
    "icon": {
      "id": "legendary_ouba:ouba_pickaxe"
    },
    "title": {
      "translate": "advancements.made_tool.title"
    },
    "description": {
      "translate": "advancements.made_tool.descr"
    },
    "frame": "task",
    "show_toast": true,
    "announce_to_chat": true,
    "hidden": false
  },
  "criteria": {
    "made_tool_0": {
      "trigger": "minecraft:inventory_changed",
      "conditions": {
        "items": [
          {
            "items": [
              "legendary_ouba:ouba_pickaxe"
            ],
            "count": {
              "min": 1,
              "max": 1
            }
          }
        ]
      }
    },
    "made_tool_1": {
      "trigger": "minecraft:inventory_changed",
      "conditions": {
        "items": [
          {
            "items": [
              "legendary_ouba:oub_aaxe"
            ],
            "count": {
              "min": 1,
              "max": 1
            }
          }
        ]
      }
    },
    "made_tool_2": {
      "trigger": "minecraft:inventory_changed",
      "conditions": {
        "items": [
          {
            "items": [
              "legendary_ouba:oub_ashovel"
            ],
            "count": {
              "min": 1,
              "max": 1
            }
          }
        ]
      }
    },
    "made_tool_3": {
      "trigger": "minecraft:inventory_changed",
      "conditions": {
        "items": [
          {
            "items": [
              "legendary_ouba:oub_ahoe"
            ],
            "count": {
              "min": 1,
              "max": 1
            }
          }
        ]
      }
    }
  },
  "rewards": {
    "experience": 150
  },
  "parent": "legendary_ouba:getting_started"
}